jobapply,jobarea,jobcompany,jobdate,jobedu,jobexp,jobindcat,jobname,jobsalary
0~5人應徵,台北市內湖區,皆凱科技有限公司,4/24,專科,3年以上,電腦軟體服務業,GoLang Developer,待遇面議
0~5人應徵,新北市汐止區,伍豐科技股份有限公司,4/22,專科,1年以上,電腦及其週邊設備製造業,Backend Developer (golang),待遇面議
0~5人應徵,台北市內湖區,星爵科技有限公司,4/22,專科,經歷不拘,網際網路相關業,Golang Developer,待遇面議
0~5人應徵,台北市內湖區,雲動科技股份有限公司,4/15,大學,經歷不拘,其它軟體及網路相關業,GoLang Developer,待遇面議
0~5人應徵,台北市信義區,思華科技有限公司,4/22,專科,經歷不拘,電腦軟體服務業,Golang Junior開發工程師,"月薪 40,000~60,000元"
0~5人應徵,台北市信義區,思華科技有限公司,4/22,專科,3年以上,電腦軟體服務業,Golang Senior開發工程師,"月薪 80,000~150,000元"
0~5人應徵,台北市中正區,果子云數位科技有限公司,4/20,學歷不拘,經歷不拘,網際網路相關業,Golang 開發工程師,"月薪 40,000~90,000元"
0~5人應徵,台北市南港區,專羿行動股份有限公司,4/19,專科,3年以上,網際網路相關業,Sr. Server Programmer (Golang),待遇面議
0~5人應徵,台北市信義區,躍立管理顧問有限公司,4/24,專科,1年以上,工商顧問服務業,軟體工程師-Golang,待遇面議
0~5人應徵,高雄市前鎮區,河流數位設計有限公司,4/15,專科,3年以上,電腦軟體服務業,Golang 開發工程師,"月薪 40,000~65,000元"
0~5人應徵,台北市中山區,旭海國際科技股份有限公司,4/24,專科,經歷不拘,網際網路相關業,後端工程師 (Golang),"月薪 30,000~40,000元"
0~5人應徵,台北市中正區,現觀科技股份有限公司,3/25,大學,1年以上,電腦軟體服務業,Golang Backend Engineer,待遇面議
0~5人應徵,台北市中正區,果子云數位科技有限公司,4/20,學歷不拘,經歷不拘,網際網路相關業,Golang 高級開發工程師,"月薪 60,000~90,000元"
0~5人應徵,上海市,Moca Technology Limited,4/22,大學,2年以上,網際網路相關業,Golang工程師,待遇面議
0~5人應徵,台北市信義區,誠實蜜蜂_新加坡商誠蜂有限公司台灣分公司,4/15,大學,4年以上,電腦系統整合服務業,Senior Golang Engineer,"月薪 117,000~150,000元"
0~5人應徵,台中市西屯區,凡谷興業有限公司,4/17,專科,經歷不拘,其它軟體及網路相關業,遊戲核心開發工程師(GoLang),"月薪 30,000~60,000元"
0~5人應徵,台北市南港區,專羿行動股份有限公司,4/19,專科,3年以上,網際網路相關業,Sr. Server Programmer (Golang)【外派】,待遇面議
0~5人應徵,台中市西屯區,向雲科技股份有限公司,4/23,大學,3年以上,電腦系統整合服務業,Golang 開發工程師,待遇面議
0~5人應徵,台中市西屯區,興晨國際有限公司,4/24,專科,經歷不拘,其它軟體及網路相關業,Golang 後端工程師,待遇面議
0~5人應徵,台北市內湖區,天下遊戲數位科技有限公司,4/25,學歷不拘,2年以上,電腦軟體服務業,golang 後端工程師,"月薪 35,000~60,000元"
0~5人應徵,台北市信義區,飛騰資訊科技有限公司,4/25,學歷不拘,1年以上,電腦軟體服務業,軟體工程師-Golang,待遇面議
0~5人應徵,台中市西屯區,皇喬集團_長青資訊有限公司,4/18,大學,1年以上,電腦軟體服務業,Golang後端工程師,"月薪 30,000~80,000元"
0~5人應徵,台中市中區,樂志數位有限公司,4/24,專科,3年以上,網際網路相關業,Golang 後端工程師(台中),"月薪 40,000~80,000元"
0~5人應徵,台北市松山區,街口電子支付股份有限公司,4/22,大學,3年以上,網際網路相關業,Golang Engineer(研發替代役可),待遇面議
0~5人應徵,新北市樹林區,尚芳國際興業股份有限公司,4/22,專科,2年以上,數位內容產業,GoLang遊戲Server程式設計師,待遇面議
0~5人應徵,台北市大安區,創曼有限公司,4/03,大學,1年以上,電腦軟體服務業,[RD]Golang資深工程師,"月薪 60,000~90,000元"
0~5人應徵,台北市大安區,鏈科股份有限公司,4/19,學歷不拘,6年以上,電子通訊／電腦週邊零售業,Senior AWS-Oriented Golang Back-End Developer,"年薪 720,000~2,500,000元"
6~10人應徵,台北市信義區,天堂遊戲有限公司,4/25,專科,1年以上,電腦軟體服務業,[RD] Golang 後端工程師--組織擴編,"年薪 850,000~2,000,000元"
0~5人應徵,菲律賓,海思亞太服務股份有限公司,4/22,專科,1年以上,網際網路相關業,高福利！GOLANG工程師（駐菲律賓）,待遇面議
6~10人應徵,台北市中正區,lativ＿米格國際股份有限公司,4/22,專科,經歷不拘,網際網路相關業,後端工程師-Golang(台北),待遇面議
6~10人應徵,台北市信義區,天堂遊戲有限公司,4/25,專科,1年以上,電腦軟體服務業,[RD] Backend Engineer 後端工程師 (Golang)--組織擴編,待遇面議
0~5人應徵,台中市西屯區,順豐科技有限公司,4/22,專科,經歷不拘,網際網路相關業,Golang遊戲伺服端工程師(台中市西屯區),"月薪 45,000~60,000元"
0~5人應徵,馬來西亞,傲勝遊戲股份有限公司,3/20,專科,3年以上,網際網路相關業,KL-【Ｇolang/C++ IM資料層開發工程師】（吉隆坡）,"月薪 112,000~200,000元"
0~5人應徵,馬來西亞,傲勝遊戲股份有限公司,3/20,專科,3年以上,網際網路相關業,KL-【Ｇolang/C++ IM業務開發工程師】（吉隆坡）,"月薪 112,000~200,000元"
0~5人應徵,桃園市中壢區,雲中雲有限公司,4/22,大學,2年以上,其它軟體及網路相關業,golang開發工程師,"月薪 70,000~100,000元"
0~5人應徵,台中市西屯區,皇喬集團_奇迹科技股份有限公司,4/18,學歷不拘,經歷不拘,電腦軟體服務業,Golang後端工程師,"月薪 30,000~50,000元"
0~5人應徵,台中市西屯區,皇喬集團_奇迹科技股份有限公司,4/12,高中,經歷不拘,電腦軟體服務業,Junior Golang 遊戲後端工程師,"月薪 30,000~35,000元"
6~10人應徵,台北市內湖區,竹間智能科技有限公司,4/22,大學,經歷不拘,電腦系統整合服務業,Backend/ Full Stack Engineer (Java/ Python /Golang preferred),待遇面議
0~5人應徵,台北市大安區,躍立管理顧問有限公司,4/23,專科,3年以上,工商顧問服務業,eos 游戲開發人員 (區塊鏈) C++  ;  GOLang,待遇面議
0~5人應徵,台北市信義區,愛卡拉互動媒體股份有限公司,4/22,大學,3年以上,電腦軟體服務業,資深後端工程師 - 影音串流 (Senior Golang Engineer),待遇面議
6~10人應徵,台北市信義區,天堂遊戲有限公司,4/25,專科,3年以上,電腦軟體服務業,[RD] 資深工程師(Golang)--組織擴編,"年薪 1,000,000~3,000,000元"
0~5人應徵,台北市信義區,天堂遊戲有限公司,4/23,學歷不拘,經歷不拘,電腦軟體服務業,[實習] Web開發/QA工程師 (Golang)~6-8月報到,時薪 160~210元/小時
0~5人應徵,台北市松山區,日商優必達株式會社股份有限公司台灣分公司,4/23,專科,經歷不拘,電腦軟體服務業,Backend Engineer (Site Reliability Engineer),待遇面議
0~5人應徵,台北市中山區,三安科技有限公司,4/24,專科,2年以上,電腦軟體服務業,遊戲Server開發工程師,待遇面議
0~5人應徵,台北市南港區,東方龍數位股份有限公司,4/25,高中,2年以上,電腦軟體服務業,線上遊戲網站開發工程師,"月薪 45,000~55,000元"
0~5人應徵,台北市大安區,璿宇數位有限公司,4/25,專科,經歷不拘,其它軟體及網路相關業,軟體研發工程師,"月薪 35,000~80,000元"
0~5人應徵,台北市內湖區,昶鑫科技股份有限公司,4/23,專科,經歷不拘,電腦軟體服務業,後端資料庫工程師,待遇面議
0~5人應徵,台中市西區,永勝雲端有限公司,4/24,大學,1年以上,電腦軟體服務業,後端Server開發工程師,"月薪 32,000~85,000元"
0~5人應徵,台中市西屯區,四葉草資訊有限公司,4/24,學歷不拘,經歷不拘,其它軟體及網路相關業,後端工程師,待遇面議
0~5人應徵,新北市汐止區,QNAP_威聯通科技股份有限公司,4/25,大學,經歷不拘,電腦軟體服務業,68000-軟體研發工程師,待遇面議
0~5人應徵,台北市中正區,大羚羊區塊鏈金融科技股份有限公司,4/19,學歷不拘,經歷不拘,電腦軟體服務業,"區塊鏈工程師【面議, 自主管理】(Blockchain Engineer)",待遇面議
0~5人應徵,高雄市鹽埕區,紫克科技有限公司,4/25,大學,經歷不拘,電腦軟體服務業,軟體工程師 (高雄),待遇面議
0~5人應徵,台北市中山區,維新網股份有限公司,4/24,大學,3年以上,電腦軟體服務業,Sr. Software Developer,待遇面議
0~5人應徵,台北市中正區,大羚羊區塊鏈金融科技股份有限公司,4/19,學歷不拘,5年以上,電腦軟體服務業,Node.js資深後端工程師 【月薪7萬~10萬，年保障14個月】,"月薪 70,000~100,000元"
0~5人應徵,台北市中正區,紫克科技有限公司,4/25,大學,經歷不拘,電腦軟體服務業,軟體工程師 (台北),待遇面議
0~5人應徵,台北市中山區,春樹科技股份有限公司,4/23,大學,3年以上,網際網路相關業,後端工程師 / Back-End Engineer,"月薪 45,000~80,000元"
0~5人應徵,台中市西屯區,齊力科技有限公司,4/22,學歷不拘,2年以上,電腦軟體服務業,遊戲 Server端工程師,"月薪 50,000~80,000元"
11~30人應徵,新北市中和區,晶睿通訊股份有限公司,4/01,碩士,經歷不拘,多媒體相關業,軟體/韌體設計工程師 (A),待遇面議
6~10人應徵,台北市信義區,特雷維科技有限公司,4/23,專科,經歷不拘,電腦軟體服務業,Backend Engineer,待遇面議
0~5人應徵,新北市三重區,點通科技股份有限公司,4/10,專科,經歷不拘,其他電信及通訊相關業,雲端工程師,"月薪 45,000~60,000元"
0~5人應徵,台北市信義區,喜登數位股份有限公司,4/19,專科,2年以上,電腦及其週邊設備製造業,Senior Back-end Developer,待遇面議
0~5人應徵,台中市西屯區,鉑麟科技股份有限公司,4/22,學歷不拘,1年以上,電腦軟體服務業,後端程式工程師,"月薪 60,000~100,000元"
0~5人應徵,台北市北投區,華碩電腦股份有限公司,2/27,大學,經歷不拘,電腦及其週邊設備製造業,RD20375 雲端研發工程師,待遇面議
0~5人應徵,台北市北投區,華碩電腦股份有限公司,1/16,大學,5年以上,電腦及其週邊設備製造業,RD20366 資深雲存儲系統Ceph軟體工程師,待遇面議
0~5人應徵,台北市大安區,香港商環球通證有限公司(籌備處),4/22,學歷不拘,2年以上,電腦軟體服務業,區塊鏈後端開發工程師,待遇面議
0~5人應徵,新竹縣竹北市,雲創通訊股份有限公司,4/24,大學,經歷不拘,其他電信及通訊相關業,Software Auto Test engineer,待遇面議
0~5人應徵,新竹縣竹北市,雲創通訊股份有限公司,4/24,大學,經歷不拘,其他電信及通訊相關業,Web Application Engineer,待遇面議
0~5人應徵,台北市內湖區,荃方科技股份有限公司,4/23,專科,2年以上,電腦軟體服務業,Website Developer - 前端工程師,待遇面議
0~5人應徵,台北市南港區,京潤科技股份有限公司,4/22,大學,2年以上,IC設計相關業,SDN軟體研發工程師,待遇面議
0~5人應徵,台中市西區,耀點國際有限公司,4/25,專科,1年以上,電腦軟體服務業,維運工程師,"月薪 35,000~60,000元"
0~5人應徵,台南市中西區,麗寶大數據股份有限公司,4/11,專科,3年以上,電腦軟體服務業,RH-資料與後端工程師,"月薪 31,000~70,000元"
0~5人應徵,台北市大安區,干城數碼有限公司,4/22,專科,2年以上,電腦軟體服務業,Python /C / C++ / node.js 工程師_B,待遇面議
0~5人應徵,台中市西屯區,鉑麟科技股份有限公司,4/22,大學,1年以上,電腦軟體服務業,遊戲後端工程師,"月薪 50,000~100,000元"
0~5人應徵,台北市內湖區,薩摩亞商長穩智能管理有限公司,4/25,大學,3年以上,電腦系統整合服務業,大數據系統工程師,待遇面議
0~5人應徵,新北市新店區,宏達電 HTC Corporation_宏達國際電子股份有限公司,4/17,大學,1年以上,消費性電子產品製造業,(RD S/W) DeepQ - DevOps Engineer /運維工程師 - J01488,待遇面議
0~5人應徵,台北市內湖區,萊思特科技股份有限公司,4/19,大學,2年以上,電腦系統整合服務業,後端工程師,待遇面議
0~5人應徵,台北市中正區,貝里斯商倍利國際有限公司台灣分公司,4/19,大學,2年以上,電腦系統整合服務業,後端工程師,待遇面議
0~5人應徵,台北市內湖區,有夢娛樂科技股份有限公司,4/23,大學,3年以上,其它軟體及網路相關業,資深前端工程師,待遇面議
0~5人應徵,台北市北投區,華碩電腦股份有限公司,1/16,大學,5年以上,電腦及其週邊設備製造業,RD20367 資深雲端研發工程師,待遇面議
0~5人應徵,台北市內湖區,網際威信股份有限公司,4/19,專科,3年以上,網際網路相關業,研發處-專案經理,待遇面議
0~5人應徵,新北市新店區,威力工業網絡股份有限公司,4/18,大學,2年以上,電腦系統整合服務業,DevOps Engineer,待遇面議
0~5人應徵,台北市內湖區,網際威信股份有限公司,4/19,專科,2年以上,網際網路相關業,研發處-技術研發工程師,待遇面議
0~5人應徵,台北市中山區,塞席爾商悠福科技股份有限公司,2/22,大學,經歷不拘,網際網路相關業,後端工程師 Backend Engineer 專職/長期實習,待遇面議
6~10人應徵,台北市信義區,柯賓漢數位金融科技有限公司,4/18,大學,經歷不拘,網際網路相關業,ENGINEERING - Senior Backend Developer,"月薪 85,000~180,000元"
0~5人應徵,台北市北投區,華碩電腦股份有限公司,12/10,大學,經歷不拘,電腦及其週邊設備製造業,RD20365 雲存儲系統Ceph軟體工程師,"月薪 30,000~70,000元"
0~5人應徵,台北市內湖區,荃方科技股份有限公司,4/23,專科,2年以上,電腦軟體服務業,Website Developer - 後端工程師,待遇面議
0~5人應徵,台中市西屯區,弈樂科技股份有限公司,4/25,大學,1年以上,網際網路相關業,全端工程師,"月薪 28,000~60,000元"
0~5人應徵,台中市西區,中強光電股份有限公司,4/23,碩士,2年以上,光電產業,"研發類-無人搬運車隊管理系統Back-end 後端資深工程師(AIRD,台中)",待遇面議
0~5人應徵,台北市內湖區,岱鐠科技有限公司,4/20,大學,5年以上,電腦及其週邊設備製造業,【紐沃科技】Middleware Senior Engineer,待遇面議
11~30人應徵,新北市新店區,希格斯資訊科技有限公司,4/24,專科,4年以上,電腦軟體服務業,全端 (前/後端) 軟體工程師 (.NET C#),"月薪 48,000~90,000元"
6~10人應徵,台中市西屯區,齊力科技有限公司,4/22,高中,1年以上,電腦軟體服務業,後端工程師,"月薪 45,000~70,000元"
0~5人應徵,台北市松山區,SIIVA_之煒有限公司,4/10,專科,經歷不拘,電腦軟體服務業,後端工程師,待遇面議
0~5人應徵,台北市內湖區,天火數位股份有限公司,4/08,專科,經歷不拘,電子通訊／電腦週邊零售業,Unity遊戲程式設計師,"月薪 40,000~60,000元"
0~5人應徵,台北市內湖區,皆凱科技有限公司,4/22,專科,3年以上,電腦軟體服務業,PHP工程師,待遇面議
0~5人應徵,新竹縣竹東鎮,豐趣科技股份有限公司,4/23,專科,經歷不拘,網際網路相關業,IOT軟體開發工程師 / IOT Software Engineer,"月薪 35,000~60,000元"
0~5人應徵,彰化縣福興鄉,至鴻科技股份有限公司,4/23,大學,經歷不拘,其他電子零組件相關業,軟體工程師,"月薪 28,000~40,000元"
11~30人應徵,台北市內湖區,艾米科技有限公司,4/25,專科,經歷不拘,電腦軟體服務業,C / IOT 程式設計師,待遇面議
0~5人應徵,新竹市,中強光電股份有限公司,4/24,大學,5年以上,光電產業,研發類-雲端後台系統開發工程師(CIRC),待遇面議
0~5人應徵,台北市南港區,香港商一加科技有限公司台灣分公司,4/24,大學,2年以上,電腦軟體服務業,DevOps Software Engineer,待遇面議
0~5人應徵,高雄市前鎮區,河流數位設計有限公司,4/15,高中,經歷不拘,電腦軟體服務業,web 開發工程師,"月薪 40,000~80,000元"
0~5人應徵,台北市大同區,ThunderCore_霹靂幣有限公司,4/19,專科,3年以上,電腦軟體服務業,DevOps Engineer,"月薪 60,000~120,000元"
0~5人應徵,台北市信義區,台灣資信有限公司,4/23,高中,1年以上,電腦軟體服務業,Data Analysis Engineer,待遇面議
0~5人應徵,台北市信義區,台灣資信有限公司,4/23,高中,1年以上,電腦軟體服務業,Hadoop Engineer,待遇面議
0~5人應徵,高雄市前鎮區,鴻海精密工業股份有限公司,3/04,碩士,2年以上,消費性電子產品製造業,高雄軟體園區- 監控系統整合工程師,待遇面議
0~5人應徵,台北市大安區,思偉達創新科技股份有限公司,2/28,專科,經歷不拘,其它軟體及網路相關業,(資深)軟體設計工程師,"月薪 40,000~70,000元"
0~5人應徵,台北市信義區,台灣資信有限公司,4/23,高中以下,3年以上,電腦軟體服務業,Backend Developer 後端程式設計師,"月薪 50,000~100,000元"
0~5人應徵,香港特別行政區,台灣資信有限公司,4/23,高中以下,經歷不拘,電腦軟體服務業,DevOps 工程師(香港),"月薪 70,000~120,000元"
0~5人應徵,台北市南港區,香港商一加科技有限公司台灣分公司,4/24,大學,2年以上,電腦軟體服務業,DevOps Software Engineer,待遇面議
0~5人應徵,新北市新店區,宏達電 HTC Corporation_宏達國際電子股份有限公司,4/17,大學,經歷不拘,消費性電子產品製造業,(RD S/W) DeepQ - Jr. User Experience Software Engineer (新店) - J01537,"月薪 30,000元"
0~5人應徵,台北市大安區,台灣大哥大股份有限公司,4/23,大學,2年以上,電信相關業,I187 數位電子服務應用系統工程師,"月薪 31,000~53,000元"
0~5人應徵,高雄市前鎮區,河流數位設計有限公司,4/15,高中,經歷不拘,電腦軟體服務業,web 開發工程師,"月薪 40,000~80,000元"
0~5人應徵,台北市北投區,華碩電腦股份有限公司,2/11,碩士,經歷不拘,電腦及其週邊設備製造業,2019校園徵才~雲端研發工程師,"月薪 30,000~70,000元"
6~10人應徵,新北市新店區,宏達電 HTC Corporation_宏達國際電子股份有限公司,4/17,碩士,經歷不拘,消費性電子產品製造業,[Intern] DeepQ - User Experience Software Engineer/ 使用者經驗軟體工程師 -J01193,時薪 150元/小時
11~30人應徵,台中市西屯區,皇喬集團_長青資訊有限公司,4/23,大學,經歷不拘,電腦軟體服務業,軟體測試工程師,"月薪 30,000~80,000元"
0~5人應徵,新北市新店區,宏達電 HTC Corporation_宏達國際電子股份有限公司,4/17,大學,2年以上,消費性電子產品製造業,(RD S/W) DeepQ - Sr. User Experience Software Engineer (新店) - J01253,待遇面議
0~5人應徵,台北市內湖區,CatchPlay_英屬蓋曼群島商威望國際娛樂股份有限公司台灣分公司,4/19,大學,經歷不拘,網際網路相關業,(Player team)Full stack engineer 技術團隊全端工程師,待遇面議
0~5人應徵,新竹市,中強光電股份有限公司,4/24,大學,5年以上,光電產業,研發類-雲端後台系統開發工程師(CIRC),待遇面議
0~5人應徵,台北市松山區,保聖那管理顧問股份有限公司,4/23,學歷不拘,經歷不拘,人力仲介代徵,Server engineer(應屆可)-日系遊戲開發公司-TW10024-004-867,待遇面議
0~5人應徵,台北市大安區,創曼有限公司,4/03,大學,1年以上,電腦軟體服務業,[RD]後端工程師,"月薪 40,000~60,000元"
0~5人應徵,台中市西屯區,凡谷興業有限公司,4/17,大學,1年以上,其它軟體及網路相關業,資安程式工程師,"月薪 32,000~55,000元"
0~5人應徵,台北市大安區,創曼有限公司,4/03,大學,1年以上,電腦軟體服務業,[RD]後端工程師,"月薪 40,000~60,000元"
0~5人應徵,台北市內湖區,天火數位股份有限公司,4/08,專科,經歷不拘,電子通訊／電腦週邊零售業,Server遊戲程式設計師,"月薪 40,000~60,000元"
0~5人應徵,台中市西屯區,海克租賃有限公司,3/07,高中,1年以上,運輸工具設備租賃業,Python 後端工程師 Game Server Engineer,待遇面議
0~5人應徵,台北市中山區,賽席爾商極光科技有限公司,4/24,大學,5年以上,電腦軟體服務業,架構師,"月薪 70,000~100,000元"
0~5人應徵,新北市中和區,晶睿通訊股份有限公司,3/28,碩士,3年以上,多媒體相關業,軟體工程師,待遇面議
0~5人應徵,台北市內湖區,愛勝遊戲股份有限公司,4/16,大學,2年以上,網際網路相關業,Openstack Devop Engineer (月薪6W ~ 9W),"月薪 60,000~90,000元"
30人以上應徵,台北市內湖區,英屬開曼群島商盾心科技股份有限公司台灣分公司,4/17,大學,經歷不拘,其它軟體及網路相關業,AI Enginnering Intern (實習/Intern),時薪 200元/小時
0~5人應徵,台北市中山區,三竹資訊股份有限公司,4/24,大學,2年以上,其它軟體及網路相關業,金融服務-後端工程師,待遇面議
0~5人應徵,台南市新市區,台灣恩悌悌數據股份有限公司,4/15,大學,1年以上,工商顧問服務業,Kafka &amp; Hadoop data lake Engineer (台南/台北皆可),待遇面議
0~5人應徵,台北市松山區,曉數碼股份有限公司,4/25,大學,1年以上,電腦軟體服務業,【開發團隊】伺服器遊戲工程師 Game Server Engineer,"月薪 40,000~120,000元"
0~5人應徵,台北市大同區,ThunderCore_霹靂幣有限公司,4/24,大學,5年以上,電腦軟體服務業,Blockchain Back-end Developer 區塊鏈後端工程師,待遇面議
6~10人應徵,台北市中正區,大羚羊區塊鏈金融科技股份有限公司,4/19,學歷不拘,2年以上,電腦軟體服務業,★後端工程師 Back-end Engineer 『年薪14個月．自主管理』★,待遇面議
0~5人應徵,台北市中山區,薩摩亞商毅成科技有限公司,4/22,大學,2年以上,電腦軟體服務業,後端工程師 (Back End Engineer),待遇面議
0~5人應徵,台北市南港區,宇泰華科技股份有限公司,4/23,大學,經歷不拘,電腦軟體服務業,Senior Backend Developement 資深後端工程師,待遇面議
0~5人應徵,台北市信義區,傲勝遊戲股份有限公司,4/23,大學,3年以上,網際網路相關業,TW.S-【區塊鏈工程師】（台北）,"月薪 60,000~100,000元"
0~5人應徵,台北市內湖區,寶碩財務科技股份有限公司,4/24,大學,1年以上,電腦軟體服務業,後端工程師(產品研發部),待遇面議
0~5人應徵,台北市松山區,七元素遊戲有限公司,4/10,高中,3年以上,其它軟體及網路相關業,資深PHP工程師,待遇面議
0~5人應徵,台北市內湖區,CatchPlay_英屬蓋曼群島商威望國際娛樂股份有限公司台灣分公司,4/19,大學,3年以上,網際網路相關業,Senior Backend Engineer,待遇面議
0~5人應徵,馬來西亞,傲勝遊戲股份有限公司,3/20,專科,5年以上,網際網路相關業,KL-【機器人開發工程師】（吉隆坡）,"月薪 110,000~200,000元"
0~5人應徵,台北市北投區,華碩電腦股份有限公司,12/10,大學,5年以上,電腦及其週邊設備製造業,RD20376 資深後端軟體工程師,待遇面議
0~5人應徵,馬來西亞,傲勝遊戲股份有限公司,3/20,專科,5年以上,網際網路相關業,KL-【機器人開發工程師】（吉隆坡）,"月薪 110,000~200,000元"
0~5人應徵,台北市信義區,傲勝遊戲股份有限公司,4/23,大學,3年以上,網際網路相關業,TW.S-【區塊鏈工程師】（台北）,"月薪 60,000~100,000元"
0~5人應徵,台北市內湖區,寶碩財務科技股份有限公司,4/24,大學,1年以上,電腦軟體服務業,後端工程師(產品研發部),待遇面議
0~5人應徵,新竹縣竹北市,雲創通訊股份有限公司,4/24,大學,經歷不拘,其他電信及通訊相關業,Cloud Application Engineer,待遇面議
0~5人應徵,台北市大安區,Trend Micro_趨勢科技股份有限公司,4/15,專科,2年以上,電腦軟體服務業,9480: Sr. DevOps Engineer (Corp RD),待遇面議
0~5人應徵,台中市西屯區,凡谷興業有限公司,4/17,大學,經歷不拘,其它軟體及網路相關業,Internet程式設計師(B組),"月薪 30,000~60,000元"
0~5人應徵,台中市西屯區,凡谷興業有限公司,4/17,專科,經歷不拘,其它軟體及網路相關業,Internet程式設計師(A組),"月薪 30,000~60,000元"
0~5人應徵,台北市內湖區,瑞嘉軟體科技股份有限公司,4/22,大學,1年以上,電腦軟體服務業,Application Backend / 後端應用工程師,待遇面議
0~5人應徵,台北市松山區,立樂高園股份有限公司,4/19,大學,1年以上,人力仲介代徵,英文伺服器遊戲工程師 -日系知名遊戲公司[英語](13367),"月薪 40,000~120,000元"
0~5人應徵,台北市內湖區,藝珂人事顧問股份有限公司,4/25,大學,3年以上,人力仲介代徵,SWP3_656_DevOps Engineer,待遇面議
0~5人應徵,台北市內湖區,泰偉電子股份有限公司,4/22,專科,3年以上,電腦系統整合服務業,DevOps(網路事業部),待遇面議
0~5人應徵,桃園市中壢區,雲中雲有限公司,4/22,大學,經歷不拘,其它軟體及網路相關業,web前端開發工程師,"月薪 70,000~100,000元"
0~5人應徵,台北市大安區,創曼有限公司,4/03,大學,1年以上,電腦軟體服務業,[RD]全端工程師,"月薪 40,000~80,000元"
0~5人應徵,新北市新店區,賽微科技股份有限公司,4/03,大學,經歷不拘,其它軟體及網路相關業,軟體工程師( Software Engineer),待遇面議
0~5人應徵,台北市信義區,英屬開曼群島商盾心科技股份有限公司台灣分公司,2/19,大學,經歷不拘,其它軟體及網路相關業,Software Engineer (Infrastructure),待遇面議
0~5人應徵,台北市中山區,博創行銷有限公司,4/04,專科,1年以上,廣告行銷公關業,程式設計工程師,待遇面議
0~5人應徵,台北市大安區,一傳十文教事業股份有限公司,4/08,學歷不拘,2年以上,其他教育服務業,Backend Developer(後端工程師),待遇面議
0~5人應徵,台北市信義區,國泰金控_國泰金融控股股份有限公司,3/29,大學,3年以上,金融控股業,"區塊鏈JAVA工程師 Blockchain JAVA Engineer(數數發中心, DDT)",待遇面議
0~5人應徵,新竹縣竹北市,凌網科技股份有限公司,4/24,大學,1年以上,電腦系統整合服務業,系統研發工程師-台北/新竹(67),待遇面議
0~5人應徵,台北市信義區,英屬開曼群島商盾心科技股份有限公司台灣分公司,2/19,大學,經歷不拘,其它軟體及網路相關業,Software Engineer (Automation),待遇面議
0~5人應徵,台北市中山區,博創行銷有限公司,4/04,專科,1年以上,廣告行銷公關業,程式設計工程師,待遇面議
0~5人應徵,台北市大安區,雲中雲有限公司,4/22,大學,經歷不拘,其它軟體及網路相關業,web前端開發工程師,"月薪 70,000~100,000元"
0~5人應徵,台北市信義區,希平方科技股份有限公司,4/22,大學,1年以上,數位內容產業,網站後端工程師 Back-End Web Developer,待遇面議
0~5人應徵,台北市信義區,希平方科技股份有限公司,4/25,大學,3年以上,數位內容產業,資深網站後端工程師 Back-End Web Developer,"月薪 23,100~200,000元"
0~5人應徵,台北市信義區,特雷維科技有限公司,4/17,專科,經歷不拘,電腦軟體服務業,Sr Backend Developer (Game),"月薪 70,000~100,000元"
0~5人應徵,台北市信義區,喜登數位股份有限公司,4/19,專科,2年以上,電腦及其週邊設備製造業,後端開發工程師 Back-end Developer,待遇面議
6~10人應徵,台北市南港區,神基科技股份有限公司,1/21,碩士,2年以上,電腦及其週邊設備製造業,Computer Vision / Machine Learning / Deep Learning Developer (南港)-RSBU SWRDC,待遇面議
11~30人應徵,台北市中山區,PIXNET_優像數位媒體科技股份有限公司,4/23,專科,經歷不拘,多媒體相關業,前端工程師(NC-痞客邦研發中心),待遇面議
0~5人應徵,菲律賓,"Blue Coast Global Technology, INC.",3/28,專科,2年以上,電腦系統整合服務業,Linux研發工程師(歡迎到菲律賓展開精采的海外人生),待遇面議
0~5人應徵,台北市信義區,傲勝遊戲股份有限公司,4/23,專科,3年以上,網際網路相關業,TW.S-【PHP後端工程師】（台北）,"月薪 60,000~100,000元"
0~5人應徵,台中市西區,格明數位媒體有限公司,4/22,專科,經歷不拘,電腦軟體服務業,Blockchain Developer 區塊鏈工程師 【區塊鏈事業群】,待遇面議
0~5人應徵,台北市信義區,新堡科技股份有限公司,2/18,大學,3年以上,電腦系統整合服務業,後端開發工程師,待遇面議
0~5人應徵,新竹縣竹東鎮,工研院 _財團法人工業技術研究院,4/08,碩士,1年以上,其他專業／科學及技術業,工研院資通所_DevOps工程師(X007),待遇面議
0~5人應徵,馬來西亞,傲勝遊戲股份有限公司,3/20,專科,3年以上,網際網路相關業,KL-【區塊鍊工程師】（吉隆坡）,"月薪 112,000~200,000元"
0~5人應徵,馬來西亞,傲勝遊戲股份有限公司,3/20,大學,8年以上,網際網路相關業,KL-【IM專案服務端架構師】（吉隆坡）,"月薪 150,000~200,000元"
6~10人應徵,台北市中正區,中華資安國際股份有限公司,4/24,大學,經歷不拘,電腦軟體服務業,資安研發工程師 (R&amp;D Engineer),待遇面議
0~5人應徵,台北市信義區,傲勝遊戲股份有限公司,4/23,專科,3年以上,網際網路相關業,TW.S-【PHP後端工程師】（台北／輪值）,"月薪 60,000~140,000元"
0~5人應徵,新北市中和區,幣聖科技有限公司,4/18,大學,5年以上,工商顧問服務業,（PdM）Product manager,待遇面議
0~5人應徵,新北市中和區,幣聖科技有限公司,4/18,大學,3年以上,工商顧問服務業,（SD）System Designer,待遇面議
6~10人應徵,新竹縣寶山鄉,喬鼎資訊股份有限公司,4/24,大學,經歷不拘,電腦系統整合服務業,【R&amp;D】網頁全端 (前端+後端) 軟體工程師 Full Stack / Frontend+Backend Engineer (GUI)(新竹),待遇面議
0~5人應徵,台北市大同區,喬鼎資訊股份有限公司,4/24,大學,經歷不拘,電腦系統整合服務業,【R&amp;D】網頁全端 (前端+後端) 軟體工程師 Full Stack / Frontend+Backend Engineer (GUI)(台北),待遇面議
0~5人應徵,新北市汐止區,宏碁股份有限公司,4/08,大學,3年以上,電腦及其週邊設備製造業,【RD】IoT software engineer - 1900224,待遇面議
0~5人應徵,台北市內湖區,Advantech_研華股份有限公司,4/22,大學,3年以上,電腦系統整合服務業,WISE-PaaS Database Architect,待遇面議
0~5人應徵,台北市內湖區,Advantech_研華股份有限公司,4/22,大學,1年以上,電腦系統整合服務業,後端軟體工程師,待遇面議
0~5人應徵,台北市松山區,曉數碼股份有限公司,4/25,大學,1年以上,電腦軟體服務業,【國際版營運】伺服器遊戲工程師 Server Engineer (Mobile Game),"月薪 40,000~120,000元"
0~5人應徵,台北市內湖區,英屬開曼群島商盾心科技股份有限公司台灣分公司,2/19,專科,經歷不拘,其它軟體及網路相關業,QA 軟體測試人員 (實習/工讀),時薪 150~200元/小時
0~5人應徵,台北市內湖區,CatchPlay_英屬蓋曼群島商威望國際娛樂股份有限公司台灣分公司,4/19,大學,經歷不拘,網際網路相關業,Platform Developer,待遇面議
0~5人應徵,台北市信義區,安銳智慧股份有限公司,4/20,學歷不拘,經歷不拘,電腦軟體服務業,Full Stack Developer,"月薪 38,000~46,000元"
0~5人應徵,台北市內湖區,雲動科技股份有限公司,4/15,大學,經歷不拘,其它軟體及網路相關業,Sr. Backend Engineer,待遇面議
0~5人應徵,台北市松山區,LINE TV_巧克科技新媒體股份有限公司,4/22,專科,經歷不拘,網際網路相關業,Node.js 後端工程師 (網路影音產業),待遇面議
0~5人應徵,台北市信義區,雷亞遊戲股份有限公司,4/03,專科,經歷不拘,網際網路相關業,"Software Engineer, Backend","月薪 60,000~100,000元"
0~5人應徵,台北市南港區,鴻華國際科技股份有限公司,4/15,專科,經歷不拘,其他電子零組件相關業,後端工程師,"月薪 65,000~80,000元"
0~5人應徵,台北市內湖區,騰雲數位行銷有限公司,4/16,專科,3年以上,其它軟體及網路相關業,遊戲後端資深工程師【N05】,"月薪 100,000~120,000元"
0~5人應徵,台北市中正區,台灣富力思泰科技股份有限公司,2/21,專科,1年以上,電腦系統整合服務業,全端工程師,待遇面議
0~5人應徵,台中市西屯區,皇喬集團_長青資訊有限公司,4/18,大學,2年以上,電腦軟體服務業,網頁後端工程師,"月薪 30,000~80,000元"
0~5人應徵,台北市大安區,願境網訊股份有限公司_KKBOX,4/27,大學,1年以上,網際網路相關業,[KKTIX] Junior Backend Engineer,待遇面議
0~5人應徵,台北市內湖區,創順科技有限公司,4/19,大學,1年以上,其它軟體及網路相關業,DevOps 運維工程師,"月薪 60,000~130,000元"
0~5人應徵,新竹市,牧德科技股份有限公司,4/12,碩士,3年以上,光學器材製造業,全端 Sr. Engineer,待遇面議
0~5人應徵,台北市信義區,天堂遊戲有限公司,4/22,專科,3年以上,電腦軟體服務業,[RD] Data Engineer--組織擴編,"月薪 70,000~100,000元"
0~5人應徵,台北市南港區,願境網訊股份有限公司_KKBOX,3/19,大學,2年以上,網際網路相關業,[KKStream] Sr. Backend/Infra Engineer (Video Streaming),待遇面議
0~5人應徵,台北市內湖區,騰雲數位行銷有限公司,4/16,專科,3年以上,其它軟體及網路相關業,平台後端資深工程師【N05】,"月薪 100,000~120,000元"
0~5人應徵,台北市大安區,雲中雲有限公司,4/19,大學,2年以上,其它軟體及網路相關業,PHP開發工程師,"月薪 60,000~70,000元"
0~5人應徵,桃園市中壢區,雲中雲有限公司,4/19,大學,2年以上,其它軟體及網路相關業,PHP開發工程師,"月薪 60,000~70,000元"
0~5人應徵,台北市中正區,普利迪網路科技有限公司,4/22,專科,經歷不拘,網際網路相關業,PHP資深工程師(外派菲律賓),待遇面議
0~5人應徵,台北市中正區,普利迪網路科技有限公司,4/24,專科,經歷不拘,網際網路相關業,外派菲律賓資深工程師,待遇面議
0~5人應徵,台北市大安區,香蕉會兒設計有限公司,4/24,高中,2年以上,數位內容產業,Video Streaming Backend Engineer  直播工程師,待遇面議
0~5人應徵,台北市內湖區,網鈺數位科技有限公司,4/24,大學,2年以上,網際網路相關業,PHP軟體工程師,待遇面議
0~5人應徵,台北市大安區,三細胞有限公司,4/22,專科,經歷不拘,其它軟體及網路相關業,Senior Back-end developer 資深後端工程師,"月薪 70,000~120,000元"
0~5人應徵,台北市大安區,三細胞有限公司,4/22,專科,經歷不拘,其它軟體及網路相關業,Back-end developer 後端工程師,"月薪 50,000~80,000元"
0~5人應徵,台北市中正區,普利迪網路科技有限公司,4/22,專科,經歷不拘,網際網路相關業,Python資深工程師(外派菲律賓),待遇面議
0~5人應徵,新北市新店區,恩智區塊鏈科技有限公司,4/25,碩士,2年以上,電腦系統整合服務業,區塊鏈工程師,待遇面議
11~30人應徵,台北市松山區,日商優必達株式會社股份有限公司台灣分公司,4/23,大學,經歷不拘,電腦軟體服務業,Big Data Engineer (Core Services),待遇面議
0~5人應徵,台中市中區,樂志數位有限公司,4/24,專科,3年以上,網際網路相關業,JAVA程式設計師（台中）,"月薪 40,000~80,000元"
0~5人應徵,新北市板橋區,香港商易安聯股份有限公司台灣分公司,4/23,大學,6年以上,其它軟體及網路相關業,Backend Engineer,待遇面議
0~5人應徵,新北市中和區,幣聖科技有限公司,4/18,大學,3年以上,工商顧問服務業,（PG）Programming,待遇面議
0~5人應徵,台北市南港區,酷遊天股份有限公司,4/23,大學,經歷不拘,旅遊服務業,[ PMS ] Backend Engineer,待遇面議
0~5人應徵,高雄市苓雅區,銓宜科技有限公司,4/18,大學,2年以上,電腦軟體服務業,軟體平台開發與應用工程師,待遇面議
0~5人應徵,台北市信義區,雲杉科技股份有限公司,4/24,學歷不拘,3年以上,電腦軟體服務業,資深軟體設計師,"月薪 60,000~100,000元"
0~5人應徵,台北市全部,104外包網,3/04,大學,經歷不拘,,【接案】區塊鏈研究專案,"月薪 30,000~60,000元"
